M,CPU-Time(ms),GPU-Time(ms)
1,2.65866,0.117665
2,2.14723,0.0707407
3,1.98375,0.0893156
4,1.87585,0.0675293
5,1.85887,0.0682198
6,1.81287,0.0656719
7,1.80078,0.0709629
8,1.81101,0.0769823
