M,CPU-Time(ms),GPU-Time(ms)
1,5.27671,0.107918
2,5.43279,0.098812
3,5.56641,0.130179
4,5.58993,0.127676
5,5.73921,0.182111
6,5.87182,0.145802
7,6.02977,0.143148
8,6.18978,0.126445
9,6.34741,0.093413
10,6.52302,0.140269
11,6.62788,0.210112
12,6.73112,0.152297
13,6.8436,0.153235
14,7.16722,0.124964
15,7.06433,0.156685
16,7.41478,0.130479
